Identifiant;Identifiant CTV;Code postal de l'arrondissement;Numéro de STV;Typologie;Maitre d'ouvrage;Objet;Description;Voie(s);Précisions de localisation;Date de début;Date de fin;Impact sur la circulation;Détail de l'impact sur la circulation;Niveau de perturbation;Statut;URL LettreInfoChantier;geo_shape;geo_point_2d
CP002771;;75015;13;1;SAGP;REAMENAGEMENT_SECTEUR;;rue Auguste Dorchain et rue Joseph Liouville;Fermeture ponctuelle des deux rues pendant la phases de travaux rue de la Croix Nivert avec mise en sens unique de la rue Joseph Liouville.;2025-01-13;2025-12-31;SENS_UNIQUE;fermeture de la rue Dorchain  du 07/01 au 10/03/2025, mise en sens unique de circulation de la rue Liouville du 13/01/ au 31/10/2025? déviation mise en place depuis la rue mademoiselle.;1;2;;"{""coordinates"": [[[2.298346171742704, 48.84493106058378], [2.298371846651267, 48.844837223833856], [2.2982008360676294, 48.84484696189021], [2.2978120003892726, 48.845019228279526], [2.2976665192144314, 48.84494587011225], [2.2978085547530887, 48.84376515143133], [2.2976822598543243, 48.843777836703], [2.297576945187403, 48.84495071432874], [2.297790609981216, 48.84509697791158], [2.298346171742704, 48.84493106058378]]], ""type"": ""Polygon""}";48.84455472792496, 2.2978075906291853
CP002804;;75008;9;3;O.G.I.C;REHABILITATION_IMMEUBLE;;61 - 59 Bld Haussmann;;2024-09-02;2026-09-14;RESTREINTE;2 phases sur trottoir et voie de circulation.;2;2;;"{""coordinates"": [[[2.325710773428512, 48.87382795153473], [2.3257157047943107, 48.87384006284122], [2.3261815878128833, 48.87377891136784], [2.3261758377120256, 48.873751354708254], [2.325701788674171, 48.87381447468071], [2.325710773428512, 48.87382795153473]]], ""type"": ""Polygon""}";48.87379594480869, 2.325945345329151
CP002876;;75018;9;1;SAGP;REAMENAGEMENT_VOIRIE;;Bretelle sortie Bd Périphérique(bj/18);;2025-04-01;2025-12-31;BARRAGE_TOTAL;;1;4;;"{""coordinates"": [[[2.3581527984198862, 48.900304063936], [2.358210246016951, 48.900269464881404], [2.3581175359115694, 48.90019109725697], [2.3580318791042236, 48.90020137867377], [2.3581527984198862, 48.900304063936]]], ""type"": ""Polygon""}";48.90024203846762, 2.3581265643694023
CP002913;;75019;10;1;STV;REAMENAGEMENT_VOIRIE;Aménagement du carrefour;rue du Général brunet;carrefour Général Brunet / Compans/ Mouzaïa;2025-09-02;2025-11-14;RESTREINTE;circulation difficile en plusieurs phases;1;3;;"{""coordinates"": [[[[2.390439300775138, 48.879912320457784], [2.390536198956492, 48.87985384210358], [2.3904756524962516, 48.87980922752399], [2.3902319166684234, 48.87993687723805], [2.390162756190865, 48.87993249776485], [2.3898960342160347, 48.879763311450354], [2.389768889347682, 48.8798432208147], [2.389717623629015, 48.87987518154354], [2.3897135680895314, 48.87987381817173], [2.3899599506979343, 48.880041558538245], [2.389959384554406, 48.88008989007213], [2.389824096394302, 48.88016975797968], [2.389910853164995, 48.88023598780713], [2.3900522954701753, 48.88015212396733], [2.390123539035746, 48.88015248692047], [2.390670815699205, 48.880527178286016], [2.390889905504363, 48.88041819830779], [2.390566843014001, 48.8801923372286], [2.3905907550113215, 48.88014949532982], [2.3908175112199364, 48.880168103548726], [2.3908200493944705, 48.880125152842865], [2.3908318294031132, 48.87998826572452], [2.3904697428119954, 48.87996628408921], [2.390447823547302, 48.87992589335377], [2.3904336840707696, 48.87991642337569], [2.390439300775138, 48.879912320457784]], [[2.3903332373777286, 48.87997632969455], [2.390420210042513, 48.87992384168129], [2.3904193416865573, 48.87992440563556], [2.3903332373777286, 48.87997632969455]], [[2.390420210042513, 48.87992384168129], [2.390450110595228, 48.87990442363213], [2.390439300775138, 48.879912320457784], [2.390420210042513, 48.87992384168129]]]], ""type"": ""MultiPolygon""}";48.880112606108995, 2.390352587988481
CP002697;;75010;11;3;Eiffage;REHABILITATION_IMMEUBLE;Base de vie.;79 boulevard de Strasbourg.;en chaussée centrale du boulevard de Strasbourg.;2024-11-12;2025-11-14;RESTREINTE;Réduction de la voirie des BUS et Taxis  sens gare de l'EST boulevard Magenta au droit du  boulevard de Strasbourg.;2;2;;"{""coordinates"": [[[2.357626786382648, 48.8753909265887], [2.3576736405120413, 48.87538782078958], [2.357675684239932, 48.87538716085166], [2.3575753672907913, 48.87518657074664], [2.357538632610941, 48.87519442984643], [2.3575126685307484, 48.875236583548], [2.3575608789960816, 48.87537110498413], [2.357626786382648, 48.8753909265887]]], ""type"": ""Polygon""}";48.8752975487471, 2.357585321445377
CP002873;;75014;12;1;SAGP;REAMENAGEMENT_VOIRIE;Création d'un parc a chien et aménagement de la place Denfert Rochereau(vélos - vl);Place Denfert Rochereau;;2025-05-05;2025-12-18;RESTREINTE;du 28/07/ au 12/08 fermeture total de la rue René Coty(station orly bus- station RER Denfert Rochereau);1;2;;"{""coordinates"": [[[[2.3293014064912256, 48.835237093457394], [2.329477889311819, 48.83540967652578], [2.3311611540748323, 48.83483906353826], [2.331434298099993, 48.83510912647838], [2.331744531121677, 48.8350249288858], [2.3320533854601755, 48.83504813730712], [2.3319364669097697, 48.835283795700235], [2.3322449114599406, 48.83533922485972], [2.332546025101513, 48.834696419358025], [2.3327707791960512, 48.83493398476196], [2.3330490168599005, 48.83480663967419], [2.3328892052357673, 48.834580178185675], [2.3343202668703635, 48.834641859000264], [2.3343559618473773, 48.834395004127856], [2.3335916930149345, 48.834358523919946], [2.333496408458367, 48.83417538831341], [2.3361092801684533, 48.83342727737391], [2.3358541687436247, 48.83301768667696], [2.3336501136952332, 48.833606949021004], [2.333234248124363, 48.833046075714265], [2.3326642693500395, 48.83308586257792], [2.3325961665950965, 48.83332179434505], [2.3319750370700163, 48.833543897344775], [2.3320386011263863, 48.83366240819334], [2.330812316109653, 48.83412817775529], [2.3308593317517823, 48.834268078973516], [2.3293014064912256, 48.835237093457394]]], [[[2.329284720077821, 48.83524747216045], [2.3293014064912256, 48.835237093457394], [2.32930112932187, 48.835236822991405], [2.329284720077821, 48.83524747216045]]]], ""type"": ""MultiPolygon""}";48.83415565136278, 2.332637279493124
CP002910;;75020;10;1;STV;REFECTION_CHAUSSEE;;rue Pierre Bayle;;2025-10-13;2025-11-07;SENS_UNIQUE;mise en inversion de sens de circulation.;1;2;;"{""coordinates"": [[[2.3899647583976, 48.858461073096116], [2.390135232015803, 48.858499536483414], [2.3906682417291747, 48.85885670914485], [2.3911634516266758, 48.85896664122743], [2.3912051506685144, 48.85888092448429], [2.390717828186214, 48.85879251449721], [2.390200530132405, 48.858483757461464], [2.390258947326619, 48.85836053172333], [2.3899647583976, 48.858461073096116]]], ""type"": ""Polygon""}";48.85871605482454, 2.390601990997054
CP002933;;75014;12;1;musée ville de Paris;REHABILITATION_IMMEUBLE;;avenue Henri Rol-Tanguy;;2025-11-03;2026-04-30;RESTREINTE;Suppression voie BUS;2;2;;"{""coordinates"": [[[2.332451275273224, 48.834004113308275], [2.3321461410447752, 48.8336909081237], [2.3320398386492966, 48.833733280186806], [2.3323047098768033, 48.83401403730301], [2.332312776430295, 48.83401945247924], [2.332353519156562, 48.83401430976558], [2.3323697884625725, 48.834014400579484], [2.332304572302582, 48.834024777726114], [2.332451275273224, 48.834004113308275]]], ""type"": ""Polygon""}";48.83386370411516, 2.332239688952074
CP002945;;75014;12;3;RATP;TRAVAUX_OUVRAGE;;24 Boulevard Jourdan;Depuis le rue de la Cité universitaire à la station du RER.;2025-12-08;2025-12-15;BARRAGE_TOTAL;Travaux de 21h à 5h00 du matin, installation d'une base vie.;1;1;;"{""coordinates"": [[[[2.3391188207565405, 48.82024368043361], [2.339228616500269, 48.82038107146695], [2.341579238307126, 48.8199135235735], [2.3415647352530833, 48.819773803004715], [2.3391188207565405, 48.82024368043361]]], [[[2.339228616500269, 48.82038107146695], [2.339214644072839, 48.82038385069009], [2.339230909137686, 48.82038394057183], [2.339228616500269, 48.82038107146695]]]], ""type"": ""MultiPolygon""}";48.82008183573835, 2.340350980169904
CP002948;;75001;11;3;APHP;REHABILITATION_IMMEUBLE;;3 avenue Victoria;;2026-01-05;2026-09-11;RESTREINTE;neutralisation d'une voie de circulation.;2;1;;"{""coordinates"": [[[2.3508154198246403, 48.85674788613137], [2.349737464429701, 48.85703741610742], [2.34940271527231, 48.8571215268654], [2.349272968280961, 48.857083226700354], [2.3491296968000137, 48.85682465838473], [2.3490727271560403, 48.85682434850048], [2.3492881730850654, 48.857169238775064], [2.3493526100798987, 48.85722329569794], [2.3495320588388395, 48.857192047539684], [2.349557547034071, 48.85710625669848], [2.349851402829179, 48.85703803520833], [2.349964738238353, 48.85708698654477], [2.350863113093033, 48.85683944519334], [2.3508154198246403, 48.85674788613137]]], ""type"": ""Polygon""}";48.85697450363121, 2.350050305233319
CP002682;;75015;13;3;MACON DE FRANCE;REHABILITATION_IMMEUBLE;;rue Paul Barruel Paris 15;Du n ° 10 au  16;2024-10-21;2026-10-31;RESTREINTE;fermeture du trottoir coté pair du 10 au 16 rue Paul Barruel et renvoie des piétons coté impair. Réduction de la voirie pendant toute la durée des travaux.;2;2;;"{""coordinates"": [[[2.304594709199898, 48.839767887546316], [2.304803116222228, 48.83939314897739], [2.3048163576920717, 48.83931535041076], [2.304743388636326, 48.83929612859435], [2.3044770276648134, 48.8397457201211], [2.304594709199898, 48.839767887546316]]], ""type"": ""Polygon""}";48.83954177580066, 2.304658267792856
CP002880;;75014;12;1;SAGP;REAMENAGEMENT_SECTEUR;;terre plein centrale en vie à vie du 66 avenue du Maine;;2025-06-30;2025-10-31;RESTREINTE;;2;4;;"{""coordinates"": [[[2.321697427336116, 48.84003147811206], [2.3218504695937434, 48.840150501116035], [2.321983577436651, 48.839925686197795], [2.321797572706559, 48.83983870080116], [2.321697427336116, 48.84003147811206]]], ""type"": ""Polygon""}";48.83998703501095, 2.3218355368042887
CP002893;;75004;11;2;RATP;SONDAGES_INJECTIONS;Sondages et travaux d'étanchéité sur ouvrage;58 Rue de Rivoli;;2025-08-04;2025-11-28;RESTREINTE;Fermeture de la vois de bus et les bus sont renvoyé dans la circulation générale;2;2;;"{""coordinates"": [[[2.3537700911139394, 48.857030869434965], [2.353750277980251, 48.85698779775347], [2.3537461752150985, 48.85699046015793], [2.35375438075614, 48.856985134449616], [2.352456496278008, 48.857289612726], [2.3524843473336654, 48.857340784491846], [2.3537700911139394, 48.857030869434965]]], ""type"": ""Polygon""}";48.857165818511, 2.353098516403715
CP002921;;75015;13;2;RATP;TRAVAUX_TRAMWAY;gare terminus.;Avenue Ernest Renan;;2025-07-01;2026-02-28;RESTREINTE;;2;4;;"{""coordinates"": [[[2.287506608175072, 48.83217387941729], [2.287589861006756, 48.83203473532841], [2.285388874157379, 48.83058224014499], [2.285241427230236, 48.83065654980492], [2.287506608175072, 48.83217387941729]]], ""type"": ""Polygon""}";48.831377103388654, 2.286453825475676
CP000753;;75013;14;2;SNCF;TRAVAUX_OUVRAGE;Couverture des voies SNCF;Av de France;côté voies SNCF entre rue Julie Daubié et rue Nicole Rein-Lepaute.;2018-07-23;2025-12-31;RESTREINTE;Les deux sens de circulations sont reportés côté pair de l'avenue.;2;4;;"{""coordinates"": [[[2.379871709032515, 48.82714237090668], [2.3811746477660307, 48.82571180087148], [2.3804182115733226, 48.82548285012793], [2.3786689133943018, 48.82665533943943], [2.379871709032515, 48.82714237090668]]], ""type"": ""Polygon""}";48.82630766425324, 2.3799694728731717
CP002753;;75013;14;1;mission vélo;REAMENAGEMENT_VOIRIE;;rue Nationale;depuis bd Vincent Auriol jusqu'à la rue du docteur Charles Richet.;2025-01-13;2026-03-06;BARRAGE_TOTAL;Barrage de la demi-chaussée depuis Bd Vincent Auriol jusqu'à la rue docteur Charles Richet.;1;4;;"{""coordinates"": [[[[2.362181321507285, 48.832697443941726], [2.363463995020297, 48.83174527921968], [2.3633974180464983, 48.83170765586998], [2.362239708966034, 48.83257959971659], [2.3620922674246643, 48.83266205997811], [2.362181321507285, 48.832697443941726]]], [[[2.363463995020297, 48.83174527921968], [2.363474170507373, 48.83175102998489], [2.3634743344430533, 48.83173760416015], [2.363463995020297, 48.83174527921968]]]], ""type"": ""MultiPolygon""}";48.83219893646782, 2.362797787744104
CP002827;;75015;13;3;Vittali;REHABILITATION_IMMEUBLE;Emprise sur chaussée avec passage en lisse pour le cheminement piéton.;189 rue de Vaugirard;;2025-03-26;2026-09-30;RESTREINTE;"Bus et véhicules en circulation générale.
Vélos maintenue de Bd Pasteur à rue Favorites et en circulation générale de rue Germaine de Stael au Bd Pasteur.";1;2;;"{""coordinates"": [[[[2.3115053965582946, 48.8425212049906], [2.3114270462509072, 48.842498505506306], [2.3114125246779618, 48.84251990508683], [2.311489001472825, 48.84258210836076], [2.3118129948515214, 48.84269407127615], [2.3119512923561976, 48.84269620953724], [2.3119739858626835, 48.842672172287436], [2.311935533026735, 48.84265718173096], [2.3120079476398723, 48.84256495359009], [2.3115723324086117, 48.84243355032334], [2.3115053965582946, 48.8425212049906]], [[2.311497812098104, 48.842531137112154], [2.3115053965582946, 48.8425212049906], [2.31151215628447, 48.84252316314278], [2.311497812098104, 48.842531137112154]]]], ""type"": ""MultiPolygon""}";48.842572560704156, 2.3117284671910614
CP002861;;75010;11;3;Groupe 3 F;REHABILITATION_IMMEUBLE;;178 rue du Faubourg Saint-Martin angle rue du Terrage.;;2025-06-17;2027-05-28;RESTREINTE;Réduction a 2 voies de circulation.;1;2;;"{""coordinates"": [[[2.3621514449966394, 48.87767687627935], [2.362127350050924, 48.87764989470735], [2.3617226408797967, 48.87778602803669], [2.361672655059333, 48.87787840270962], [2.3618222863909075, 48.87812624271587], [2.36190762651052, 48.8781387819566], [2.3619769466935248, 48.87812975249703], [2.36200352276245, 48.87812049610591], [2.361853824792135, 48.877878025891334], [2.361877053421535, 48.8778096762964], [2.3621493779396205, 48.87767954977507], [2.3621493614963422, 48.87768089239176], [2.3621533983365737, 48.87768359930937], [2.3621514449966394, 48.87767687627935]]], ""type"": ""Polygon""}";48.877908478189966, 2.361857087204525
CP002896;;75001;11;3;NOREA;REHABILITATION_IMMEUBLE;;164 rue de Rivoli;;2025-08-11;2026-03-31;RESTREINTE;Renvoi des bus en circulation générale. voie  protégé par des B11;2;2;;"{""coordinates"": [[[[2.3379180866025755, 48.861961888978676], [2.33900741538964, 48.86160735647757], [2.3389889911122808, 48.86159992322574], [2.338875247310801, 48.86158318308811], [2.3378780378416346, 48.86191064648574], [2.3379180866025755, 48.861961888978676]]], [[[2.33900741538964, 48.86160735647757], [2.339009236660339, 48.86160809141169], [2.339013339190561, 48.86160542861685], [2.33900741538964, 48.86160735647757]]]], ""type"": ""MultiPolygon""}";48.86176405953054, 2.3384264252805
CP002371;657955;75012;14;2;RATP;TRAVAUX_OUVRAGE;Travaux relatifs à la modernisation de la ligne 6- - Création d'ouvrage en sous-oeuvre;Place de la Nation;Entre avenue du Bel Air et avenue du Trône;2022-07-18;2025-11-28;RESTREINTE;;2;4;;"{""coordinates"": [[[2.39718197466874, 48.84798095976355], [2.3973323649379124, 48.847915090566765], [2.397254174864216, 48.84782600596514], [2.3971559410265293, 48.84773811448033], [2.396988410662728, 48.84759651586232], [2.3968185718801727, 48.84751245144689], [2.3967071568521323, 48.847574043170916], [2.396595364865238, 48.84773171990901], [2.3968357600903647, 48.84783287283599], [2.396939349356215, 48.84776081894162], [2.3969857497871954, 48.84780150487328], [2.397081826383517, 48.84775558779629], [2.3972067576333225, 48.84786448696595], [2.3971068290793753, 48.847931800149304], [2.39718197466874, 48.84798095976355]]], ""type"": ""Polygon""}";48.847721304519226, 2.396928147068433
CP002666;;75015;13;3;S.N.C.F;REHABILITATION_IMMEUBLE;;Boulevard Vaugirard (1-17);;2024-10-30;2026-03-30;RESTREINTE;Réduction de voirie et suppression du couloir de bus. Circulation sur une voie pour tous les véhicules.;1;2;;"{""coordinates"": [[[2.319176513855834, 48.84165315782454], [2.319752173403109, 48.84180949672928], [2.319772793744469, 48.841788131722375], [2.319748490643204, 48.84177993700274], [2.319760975804965, 48.84175852573643], [2.3192056202719904, 48.84160498702553], [2.319176513855834, 48.84165315782454]]], ""type"": ""Polygon""}";48.84170643714342, 2.3194725247371406
CP002836;;75013;14;1;Mission vélo;REAMENAGEMENT_VOIRIE;piste cyclable et verdure;rue Nationale.;;2025-01-13;2026-03-06;RESTREINTE;;1;2;;"{""coordinates"": [[[2.3622223723457383, 48.83266678209567], [2.362132759728751, 48.83267704538291], [2.362148897246368, 48.832687872615814], [2.3622947305402415, 48.83273698687025], [2.3641333389663544, 48.83139872652458], [2.3639725509669174, 48.83124212130059], [2.3652088435838414, 48.82925615138649], [2.3654278763583605, 48.82930565051108], [2.365627278914066, 48.828962981852506], [2.3650188579739857, 48.828825484854626], [2.364795311237267, 48.82914654102397], [2.3650467494203875, 48.82920695416533], [2.363752461352799, 48.8312785452686], [2.363699721413771, 48.83160050820546], [2.3622223723457383, 48.83266678209567]]], ""type"": ""Polygon""}";48.83045368798064, 2.3643144119020167
CP002848;;75019;10;1;SAGP;REAMENAGEMENT_SECTEUR;Aménagement de la place,verdure,pieton,cyclable.;place du colonel Fabien;;2025-01-01;2026-05-01;RESTREINTE;;1;2;;"{""coordinates"": [[[[2.370174616038828, 48.878711012628216], [2.370509011114133, 48.87868943646983], [2.370519170498057, 48.87849800600481], [2.370511094458657, 48.87849259273053], [2.3706380708880164, 48.87842881422708], [2.370747076806335, 48.87850457406885], [2.370829112185025, 48.878453986155826], [2.3707526402789445, 48.878381081901594], [2.3709230181103518, 48.878094656988516], [2.3712727565875364, 48.878126031957116], [2.371286331359231, 48.87801332252609], [2.3708961108618225, 48.87796293792089], [2.3707645296689694, 48.877734001266006], [2.3711102100540145, 48.877427013978995], [2.3708028373351513, 48.87725891439739], [2.370526555328527, 48.87755015333888], [2.3703682146197367, 48.87751441215514], [2.3703699999552126, 48.87736673315346], [2.3702153413536475, 48.87736323421283], [2.3702136529809277, 48.877502858403716], [2.3701315873909397, 48.87755613118176], [2.3700579547323914, 48.877585281415655], [2.3699126395887116, 48.877482477493984], [2.369765504116598, 48.87753003760601], [2.369910495623961, 48.87765969226684], [2.3698443212657003, 48.8777452724612], [2.369715558340359, 48.87795672819574], [2.369692247000704, 48.87820096298348], [2.36986866957003, 48.87842476686463], [2.3699096057549323, 48.878406185396166], [2.369688347445961, 48.878523172158665], [2.369785172542189, 48.87859618333771], [2.369990017753141, 48.87848985164739], [2.370030499237653, 48.878508861610555], [2.370019693617849, 48.87872899440455], [2.370174616038828, 48.878711012628216]]], [[[2.370509011114133, 48.87868943646983], [2.3705086279484457, 48.878696657885804], [2.3705209374596485, 48.87868866729918], [2.370509011114133, 48.87868943646983]]]], ""type"": ""MultiPolygon""}";48.87801383776766, 2.370362507056921
CP002883;;75006;12;3;Senat;REHABILITATION_IMMEUBLE;Travaux sur le Senat;Rue Vaugirard;Palais du Luxembourg;2025-07-02;2026-07-02;RESTREINTE;Réduction des nombres des voies;2;2;;"{""coordinates"": [[[2.337785482774472, 48.84922606194505], [2.3370447225834643, 48.84924344261404], [2.3370448250701443, 48.84923538672799], [2.3370325173727324, 48.84924337498353], [2.3370359713479325, 48.84929172924752], [2.337784732090233, 48.84928513484933], [2.337785482774472, 48.84922606194505]]], ""type"": ""Polygon""}";48.84926140321307, 2.3374220509138848
CP002917;;75018;9;1;MV;REAMENAGEMENT_VOIRIE;aménagement voirie_ vélo;rue Caulaincourt;entre le Bd Clichy et Damrémont;2025-09-22;2025-12-02;RESTREINTE;restera 1 file dans chaque sens de circulation;1;2;;"{""coordinates"": [[[2.332396177565073, 48.88655872596533], [2.332539713887328, 48.8864789697335], [2.329729023863999, 48.88466953010291], [2.3295566424938334, 48.88477597378087], [2.3305419831250647, 48.8854098329962], [2.33069618113977, 48.88545097425274], [2.3307648767028324, 48.88549163652467], [2.332352113763153, 48.88650209056209], [2.3323883094137505, 48.88653720072989], [2.332396177565073, 48.88655872596533]]], ""type"": ""Polygon""}";48.88553327383164, 2.3309302200373456
CP002924;;75010;11;1;SAGP;REAMENAGEMENT_VOIRIE;aménagement en vélorue;quai de Valmy;entre Eugéne Varlin et Grange aux Belles;2025-09-29;2026-03-16;IMPASSE;déviation cyclistes par le quai Jemmapes. par phase, phase à partir de début octobre 2 mises en impasse de part  et d'autre de l'emprise.;1;2;;"{""coordinates"": [[[2.365329089052343, 48.8776969532484], [2.3654855229775795, 48.87755479307327], [2.3653615990176213, 48.877534668311874], [2.365282611089742, 48.87750202644238], [2.365211342854613, 48.877420419898634], [2.3643800889501714, 48.876455894213834], [2.3630917979209385, 48.87494262087818], [2.3629882607194883, 48.87475410257159], [2.3629174525408914, 48.87455233125058], [2.3628990374642096, 48.87439380357536], [2.362926548289765, 48.87414153610586], [2.362998079582509, 48.87395126294443], [2.3637055918777747, 48.87301787149515], [2.3636413172673594, 48.872947713399434], [2.363165530998616, 48.87357353337466], [2.3630291679155526, 48.87373929386403], [2.362875601141062, 48.87398014890773], [2.3628119153635483, 48.87419463070995], [2.3627983543542332, 48.87420516619047], [2.36267178109891, 48.87423604465735], [2.3626463884373834, 48.87423188133402], [2.362685321233039, 48.87429384961129], [2.362606765459484, 48.87430954295051], [2.362643276968969, 48.87431980632226], [2.3627880693450445, 48.87446356705404], [2.36282954454898, 48.87465041345273], [2.3629086174245226, 48.87484215893719], [2.3630175790300596, 48.875003182008946], [2.3632884656874973, 48.875322154974356], [2.36455082445816, 48.87679067380045], [2.365329089052343, 48.8776969532484]]], ""type"": ""Polygon""}";48.87532853084867, 2.3637241453590185
CP002938;;75008;10;3;Entreprise PETIT;REHABILITATION_IMMEUBLE;;12 - 14 rue Vernet;;2025-11-13;2025-12-19;BARRAGE_TOTAL;"fermeture de la rue Vernet avec mise en inversion de sens de la rue Euler.
Prolongation à prévoir jusqu'en 2027.";1;2;;"{""coordinates"": [[[2.2988647597378344, 48.871817811296104], [2.299960740652273, 48.87144291584621], [2.299888486271282, 48.871367305374456], [2.2987354484878915, 48.87174723590433], [2.2988647597378344, 48.871817811296104]]], ""type"": ""Polygon""}";48.8715977320742, 2.299349661173419
CP002941;;75008;9;1;Mission vélo;REAMENAGEMENT_VOIRIE;;place du Canada;entre l'avenue franklin D Roosevelt et le pont des Invalides.;2025-11-12;2025-12-05;RESTREINTE;Chantier Mobile , et réduction de voie.;;2;;"{""coordinates"": [[[2.31040067858371, 48.86509866179056], [2.3104512228454666, 48.864970059306074], [2.3108581347190786, 48.86497777395653], [2.3108512022686334, 48.864886433987934], [2.310476921356156, 48.86487353730133], [2.31052995280417, 48.864556978025284], [2.309919481967675, 48.864553459596074], [2.3099426204454043, 48.86465026310903], [2.309793262227888, 48.86486422565719], [2.3097516392946407, 48.8649338029349], [2.3098320392216554, 48.865009454834336], [2.310010542694418, 48.86505344864764], [2.3102053979056896, 48.865092166427786], [2.31040067858371, 48.86509866179056]]], ""type"": ""Polygon""}";48.86482789133244, 2.3102220024513365
CP002942;;75008;13;2;ENEDIS;RACCORDEMENT_RESEAU;;11 rue Galilée;fermeture de la rue Galilée pour travaux sur chaussée. (du n° 11 au 13);2026-01-19;2026-01-23;SENS_UNIQUE;mise en inversion de sens de circulation de la rue de l'Amiral Hamelin depuis le Bld Kléber jusqu'à la rue Galilée.;1;1;;"{""coordinates"": [[[2.291629563619488, 48.86871486719251], [2.2919417747595405, 48.86790575668289], [2.292103408027385, 48.867992641858656], [2.2921532705458856, 48.867917748583174], [2.291974991317447, 48.867857617729264], [2.291828324345899, 48.867867491832264], [2.291565902664169, 48.868607078660304], [2.291629563619488, 48.86871486719251]]], ""type"": ""Polygon""}";48.8682057750075, 2.2917908344937152
CP002476;810335;75016;13;1;RIVP;CONSTRUCTION_IMMEUBLE;Démolition et construction d'un immeuble;Rue du Docteur Blanche;Entre la rue Henri Heine et la rue l'Yvette;2023-03-27;2026-07-06;SENS_UNIQUE;Mise à sens unique de la rue du Docteur Blanche de la rue Henri Heine à la rue l'Yvette;2;2;;"{""coordinates"": [[[2.2648918367875766, 48.85302756673262], [2.2647940376200824, 48.85304038613571], [2.265029036597828, 48.853393454553206], [2.2650001497441274, 48.853422802281955], [2.2653026287123583, 48.85389438693988], [2.2654659198395364, 48.85385244312589], [2.265366586732197, 48.853685415332926], [2.2653098739999864, 48.85366896224454], [2.2648918367875766, 48.85302756673262]]], ""type"": ""Polygon""}";48.85351124901634, 2.265144855721094
CP002695;;75015;13;3;Elogie.Siemp;REHABILITATION_IMMEUBLE;;5 rue du Bessin;;2024-10-07;2026-02-13;RESTREINTE;Réduction de la voirie avec entrée et sortie de poids lourds.;2;2;;"{""coordinates"": [[[2.305629240952048, 48.831148026839976], [2.3061722975740007, 48.830839003163874], [2.306176391780886, 48.830837013211635], [2.3062890940557974, 48.8308497509906], [2.3066414953218457, 48.8312660138834], [2.306666023598463, 48.83125675759909], [2.3062675376005193, 48.830788534014594], [2.3061577781227083, 48.83078386900094], [2.3055748162293677, 48.83111145879396], [2.305629240952048, 48.831148026839976]]], ""type"": ""Polygon""}";48.83097169004043, 2.3060615779034053
CP002845;;75012;14;1;Se.Seine et Ouvrage d'Art;CREATION_ENTRETIEN_OUVRAGE_ART;;Boulevard de la Bastille;A l'intersection de la rue Jules César;2025-04-14;2026-01-30;RESTREINTE;Réduction du boulevard de Bastille à une voie de circulation. Itinéraire cyclable maintenu. Déviation du cheminement piéton. Fermeture de la passerelle Mornay.;1;2;;"{""coordinates"": [[[2.367918485203844, 48.848892287499794], [2.3680952154513246, 48.84930004642415], [2.368213499007915, 48.84927650359929], [2.3680723602336755, 48.84897016973434], [2.367918485203844, 48.848892287499794]]], ""type"": ""Polygon""}";48.849111388744525, 2.3680726230268947
CP002867;;75009;11;3;Bâtiment Privé;REHABILITATION_IMMEUBLE;;17 Rue du Faubourg Poissonnière;"17 Faubourg Poissonnière, 2-10 Rue Bergère, 
2 Rue du Conservatoire";2025-06-26;2026-12-15;;Réductions des nombres de voies  et fermetures de passage piétons;2;2;;"{""coordinates"": [[[2.347807526622296, 48.87237608819413], [2.34787669029385, 48.87237915044287], [2.3478806906934837, 48.872059625439], [2.3478235040397535, 48.87207542553122], [2.3478233695648156, 48.87208616560428], [2.347807526622296, 48.87237608819413]]], ""type"": ""Polygon""}";48.872227865684295, 2.3478473766165115
CP002926;;;14;3;OPÉRA BASTILLE;TRAVAUX_OUVRAGE;Levage tous les lundis et tous les jeudis;rue de Lyon;Au n°154 rue de Lyon;2025-09-29;2026-04-30;RESTREINTE;Reste 1 file de circulation générale sur 3;1;2;;"{""coordinates"": [[[[2.369567163236593, 48.85263495048095], [2.36948287402957, 48.85268066382452], [2.3696195723846096, 48.852985494776696], [2.369735316152029, 48.85300423005399], [2.369567163236593, 48.85263495048095]]], [[[2.369565862221942, 48.85263209447645], [2.369567163236593, 48.85263495048095], [2.36956991375117, 48.85263345855712], [2.369565862221942, 48.85263209447645]]]], ""type"": ""MultiPolygon""}";48.85282670361018, 2.3696031039415084
CP002934;;75012;14;3;SNCF;TRAVAUX_OUVRAGE;Travaux SNCF sur contre-allée et parvis;rue de Bercy;de la rue Van Gogh à la rue Rambouillet;2025-10-03;2027-12-31;RESTREINTE;voie restreinte pour les bus et taxis;1;2;;"{""coordinates"": [[[2.3720765518073907, 48.84463157620636], [2.3722060244312395, 48.844691332796636], [2.376499194882298, 48.84223791453681], [2.376394516183632, 48.84214606761534], [2.372445218140214, 48.844424055342124], [2.3720522067951744, 48.844626078350615], [2.3720765518073907, 48.84463157620636]]], ""type"": ""Polygon""}";48.84340214278029, 2.3743379954241055
CP002638;;75005;12;3;A7A8;CONSTRUCTION_IMMEUBLE;;Boulevard de l'Hopital;au n°11;2024-01-08;2026-10-09;RESTREINTE;Neutralisation du trottoir, déviation piétonne obligatoire sur le trottoir d'en face;2;2;;"{""coordinates"": [[[2.3642443559308997, 48.84281055164292], [2.364227885928587, 48.842826576169294], [2.3646293126078626, 48.84260314100179], [2.3640153414574194, 48.8415740817198], [2.363409665230726, 48.84186624664346], [2.363985830436452, 48.842658798852604], [2.3641085295069426, 48.84260574486684], [2.3642443559308997, 48.84281055164292]]], ""type"": ""Polygon""}";48.84219098441977, 2.3640339656032325
CP002644;;75014;12;3;RATP;CREATION_ENTRETIEN_OUVRAGE_ART;Création d'une sortie de métro piétonne.;Rue Niepce;;2024-03-01;2026-07-31;BARRAGE_TOTAL;;1;2;;"{""coordinates"": [[[2.3178901491779564, 48.835308001945826], [2.3189344561423457, 48.83446000732315], [2.318745808937063, 48.83457708891329], [2.3189674159672196, 48.83442797048929], [2.3188705700426113, 48.834368341057065], [2.3177773129762183, 48.835226797195716], [2.3178901491779564, 48.835308001945826]]], ""type"": ""Polygon""}";48.83484937402215, 2.3183568054757377
CP002824;;75019;10;1;Fondation Rothschild;REHABILITATION_IMMEUBLE;;Avenue Mathurin Moreau;;2025-01-20;2026-02-02;SENS_UNIQUE;Mise en sens unique de l'avenue de la rue Manin vers la rue Simon Bolivard;1;2;;"{""coordinates"": [[[2.377447332745212, 48.87881193760421], [2.3779719390760112, 48.8788603127779], [2.3780046982568965, 48.878844372375895], [2.3780171362929, 48.878825640086994], [2.3774601547634324, 48.878760984345085], [2.377447332745212, 48.87881193760421]]], ""type"": ""Polygon""}";48.87881337819478, 2.3777140220428974
CP002885;;75020;10;2;CPCU;INSPECTION_ENTRETIEN_RESEAU;;rue du docteur Déjerine;;2025-05-19;2025-11-28;BARRAGE_TOTAL;;1;4;;"{""coordinates"": [[[[2.411293344594612, 48.856969403322324], [2.411682867750705, 48.857035700473475], [2.4122869251554757, 48.85547052754047], [2.4122983127989523, 48.85446091432143], [2.41200218991176, 48.85473873030219], [2.4117942652259647, 48.855854788078105], [2.411293344594612, 48.856969403322324]]], [[[2.411682867750705, 48.857035700473475], [2.411649741459071, 48.85712153212105], [2.411683264964285, 48.85703576807857], [2.411682867750705, 48.857035700473475]]]], ""type"": ""MultiPolygon""}";48.8558437307092, 2.411908038292106
CP002904;;75015;13;3;RATP;REHABILITATION_IMMEUBLE;;40 rue Desnouettes angle avec rue de la Croix Nivert;;2025-08-11;2026-10-30;RESTREINTE;;2;2;;"{""coordinates"": [[[2.2890620772754193, 48.83591567353169], [2.2895021223203766, 48.83586323844308], [2.2895749176283733, 48.835894552634485], [2.2895395768492026, 48.83609977322175], [2.2895984475842064, 48.836108179473065], [2.2896337684892973, 48.83590430061928], [2.2896199351062445, 48.835874679422766], [2.2895614136531135, 48.83584076540786], [2.289469710811451, 48.835853647453895], [2.289459687752533, 48.83584284578949], [2.289056286875074, 48.83589281390083], [2.2890620772754193, 48.83591567353169]]], ""type"": ""Polygon""}";48.83593323671704, 2.2894636858354747
CP002939;;75019;10;2;CPCU;CREATION_RESEAUX;;Avenue de la porte d'Aubervilliers;;2025-11-12;2026-04-03;RESTREINTE;neutralisation d'une voie de circulation sur les deux.;1;2;;"{""coordinates"": [[[2.370182354089259, 48.90185708867389], [2.3702720842034175, 48.901846819997886], [2.370169312136578, 48.90158850151465], [2.3702649533566014, 48.90108955926515], [2.3701185325729015, 48.90107267811212], [2.370058590154602, 48.90131402987097], [2.3701156086079584, 48.90131432975219], [2.370089287898887, 48.901469932544025], [2.370040480171683, 48.90146430514118], [2.3700370359369596, 48.90174891682315], [2.3701742094852505, 48.901857045845055], [2.3701824840282737, 48.90184634886718], [2.370182354089259, 48.90185708867389]]], ""type"": ""Polygon""}";48.90147192593789, 2.37014580141031
CP002664;;75005;12;2;ESPCI;REHABILITATION_IMMEUBLE;;rue Rataud, rue Pierre Brossolette.;;2024-09-05;2026-12-31;IMPASSE;mise en impasse des deux rues durant toute la durée des travaux.;2;2;;"{""coordinates"": [[[2.3472545526588617, 48.84261609261237], [2.3472753301867515, 48.8425812972096], [2.346433948323191, 48.8421953851312], [2.347801285985655, 48.84184032679391], [2.3477773158274644, 48.84180528731196], [2.346271629563287, 48.84216227402575], [2.346283765764437, 48.8421677113442], [2.3472545526588617, 48.84261609261237]]], ""type"": ""Polygon""}";48.84213805283548, 2.34694153763722
CP002669;;75010;11;1;R.I.V.P;REHABILITATION_IMMEUBLE;;du 23 au 27 rue Saint-Quentin;;2024-10-01;2026-06-30;RESTREINTE;emprises sur voirie, réduction de voie.;2;2;;"{""coordinates"": [[[2.35564791882072, 48.87881311365022], [2.3556830373390514, 48.87877168154402], [2.355605406727897, 48.87846514515848], [2.3555303603735296, 48.87844325970798], [2.355643832396942, 48.87881443435933], [2.35564791882072, 48.87881311365022]]], ""type"": ""Polygon""}";48.87861607788131, 2.3556125113066106
CP002792;;75010;11;1;Délégation au Territoire;REAMENAGEMENT_SECTEUR;Fermeture du 43 au 41 rue de l'Aqueduc.;rue de l'Aqueduc.;Fermeture définitive depuis le 43 au 41 rue de l'Aqueduc avec pose de barrières devant l'entrée de l'école a partir du 03/03/2025;2025-02-24;2026-03-30;BARRAGE_TOTAL;Fermeture de l'entrée de l'école aux voitures.;1;4;;"{""coordinates"": [[[2.3645008760264465, 48.88271094337719], [2.3645688705071453, 48.88264417297474], [2.3642956189454725, 48.882515174174415], [2.364227722630425, 48.88257388876332], [2.3642399684690467, 48.88257126839559], [2.3645008760264465, 48.88271094337719]]], ""type"": ""Polygon""}";48.88261177365678, 2.3644037804904943
CP002871;;75010;11;1;SAGP;REAMENAGEMENT_SECTEUR;;place Napoléon;parvis gare du Nord;2025-07-08;2026-02-27;BARRAGE_TOTAL;sauf RATP;1;2;;"{""coordinates"": [[[2.353935245205626, 48.88021925694008], [2.3571187452184623, 48.87958119439072], [2.3570713516001405, 48.87946278922699], [2.3560261257277793, 48.87970421430901], [2.3558148331438717, 48.87967085448787], [2.354771194064454, 48.87978338489481], [2.3541338190777177, 48.878652145361606], [2.3539868657435234, 48.87868357465699], [2.3546076880686466, 48.87983620806672], [2.353839806577981, 48.88003614511748], [2.353935245205626, 48.88021925694008]]], ""type"": ""Polygon""}";48.8797009249162, 2.3550187837566194
CP002911;;75008;10;2;CPCU;CREATION_RESEAUX;;rue Alfred de Vigny, depuis Bd Courcelles à Av Hoche.;7 rue Alfred de Vigny;2025-09-01;2025-12-05;RESTREINTE;;2;2;;"{""coordinates"": [[[2.305036710235789, 48.87916214569907], [2.3050855616810617, 48.87916242927732], [2.305203513197835, 48.878255495949155], [2.3051464500939214, 48.87826053559839], [2.305036710235789, 48.87916214569907]]], ""type"": ""Polygon""}";48.87869935832171, 2.305119441833782
CP002628;;75012;14;1;S.A.G.P;REAMENAGEMENT_VOIRIE;Travaux en multi phases.;Place Félix Eboué-rue de Reuilly-avenue Daumesnil-avenue de Reuilly;;2024-06-17;2025-12-31;RESTREINTE;Réduction de voies par G.B.A. fermeture 3 Nuits du 21/10 et 22/10 et 23/10 de 21h à 6h sauf secours;2;2;;"{""coordinates"": [[[2.3948653609481276, 48.84045873649309], [2.3953834668408516, 48.83998336777783], [2.3953631274081224, 48.83998326497284], [2.3955874852941617, 48.839930692568245], [2.395300608372265, 48.83941097339043], [2.394690802242878, 48.83937566597136], [2.3945286487935564, 48.83932650915545], [2.3944664458415073, 48.839428236720316], [2.3940560277703717, 48.83938856333706], [2.3940346895947973, 48.83947438651492], [2.39460366198972, 48.839522918083105], [2.394653488636951, 48.83978633226921], [2.3942496421641, 48.839880960224086], [2.394321616663927, 48.839988737133226], [2.3947172027982813, 48.83990480910976], [2.394974992314803, 48.84012631001123], [2.3946956288912147, 48.8403612064046], [2.3948653609481276, 48.84045873649309]]], ""type"": ""Polygon""}";48.83977691575033, 2.3949433989966837
CP002783;;75008;9;2;Fraicheur de Paris;ENTRETIEN_RESEAU;Réparation de fuites importantes.;2-4 rue Royale;;2025-03-03;2025-11-14;RESTREINTE;Emprise en milieu de chaussée avec réduction de voie de circulation sens Concorde -place de  la Madeleine.;1;4;;"{""coordinates"": [[[2.3227401244338863, 48.86769866392436], [2.3227769637920903, 48.867682760610066], [2.322797385056891, 48.86767750616755], [2.322237814475997, 48.86688755008263], [2.3221275044459158, 48.8669191489216], [2.3227401244338863, 48.86769866392436]]], ""type"": ""Polygon""}";48.867256934187296, 2.3224466821551357
CP002844;;75012;14;2;CPCU-FraicheurdeParis-;RACCORDEMENT_RESEAU;rue Van gogh fermé à la circulation entre rue de bercy et le quai de la Rapée, suivre déviation;rue van Gogh;déviations par Diderot et Villot;2025-06-16;2025-11-28;BARRAGE_TOTAL;déviations vélo et circulation par Diderot et Villot.;1;4;;"{""coordinates"": [[[2.372107267779699, 48.844486252602934], [2.3722080727010515, 48.84439279500569], [2.3721652753773537, 48.84439928322906], [2.372132809651873, 48.8443924000268], [2.3711069598810663, 48.843766700903885], [2.371045467423397, 48.84380531540824], [2.3720935470183835, 48.844443214605], [2.3721076074594842, 48.84445805857741], [2.3721135484577496, 48.84447151629123], [2.372107267779699, 48.844486252602934]]], ""type"": ""Polygon""}";48.84411765294246, 2.371620911674914
CP002881;;75014;12;1;SAGP;REAMENAGEMENT_SECTEUR;;rue du Commandant René Mouchotte;;2025-06-09;2026-03-23;RESTREINTE;;2;4;;"{""coordinates"": [[[2.32125363169197, 48.83974699914876], [2.321368231186924, 48.83969394180343], [2.3190351835827303, 48.83766666818054], [2.3188632880635227, 48.837746250502434], [2.3210679785966692, 48.83963316036417], [2.32125363169197, 48.83974699914876]]], ""type"": ""Polygon""}";48.8386860650905, 2.3200858554613744
CP002889;;75010;11;3;privé;REHABILITATION_IMMEUBLE;consolidation des fondation et création d'une voute de soutènement du batiment.;26 rue du faubourg Saint-Martin.;du 34 au 18 emprise sur le couloir de bus.;2025-07-17;2026-06-30;RESTREINTE;Renvoi des cyclistes et des bus et taxis en circulation générale.;2;2;;"{""coordinates"": [[[2.356337582008719, 48.87020629264757], [2.3561043848894347, 48.869807619183554], [2.3560709760600944, 48.86987591340828], [2.356266136596326, 48.87022336281125], [2.356337582008719, 48.87020629264757]]], ""type"": ""Polygon""}";48.870031249723084, 2.3561974276080986
CP002894;;75017;9;2;CPCU;ENTRETIEN_RESEAU;;rue des Epinettes .;depuis Bd Bessières au 5 rue des Epinettes.;2025-08-18;2026-12-30;RESTREINTE;;2;2;;"{""coordinates"": [[[2.3241339389983473, 48.89739036290299], [2.324183156198688, 48.89736378873706], [2.3242162236794894, 48.8973263828354], [2.323446053070936, 48.89641980314378], [2.323396767956338, 48.89645174739061], [2.3241510660118596, 48.89732601514368], [2.3241339389983473, 48.89739036290299]]], ""type"": ""Polygon""}";48.89688752416774, 2.3238069390139255
CP002927;;75005;12;2;Fraicheur de Paris;RACCORDEMENT_RESEAU;;Boulevard de l'Hopital;entre le boulevard Saint Marcel et la place Valhubert;2025-09-30;2025-12-05;RESTREINTE;Sens Saint Marcel vers Valhubert réduit à une voie de circulation (2 en situation normale);1;2;;"{""coordinates"": [[[2.3618378466866976, 48.83994874830582], [2.3617564235163444, 48.83995368489969], [2.364006213568127, 48.84294638893346], [2.3640715001056685, 48.8429306239495], [2.363911527427045, 48.84270420556589], [2.3618378466866976, 48.83994874830582]]], ""type"": ""Polygon""}";48.841444948688114, 2.3629204531842793
CP002908;;75020;10;1;STV;REFECTION_CHAUSSEE;;rue du repos-rue pierre bayle-contre allée de charonne;;2025-08-18;2025-11-07;SENS_UNIQUE;;1;2;;"{""coordinates"": [[[2.3904426807212746, 48.85865684901716], [2.390523692009949, 48.85868948521073], [2.390639769988185, 48.85850747672353], [2.390534342656655, 48.858474717152355], [2.3904426807212746, 48.85865684901716]]], ""type"": ""Polygon""}";48.85857891637947, 2.390537315992507
CP002928;;;14;3;OPÉRA BASTILLE;TRAVAUX_OUVRAGE;Levage et travaux;rue de Lyon;de la rue BIscornet à la place de la Bastille;2026-01-26;2026-02-05;RESTREINTE;Restriction de  3 voies à 1 voie (bus et circulation générale);1;1;;"{""coordinates"": [[[[2.3698542977798644, 48.85188376835926], [2.37008832422502, 48.85140644023976], [2.3700879464895035, 48.85140567110239], [2.3700270610466805, 48.85139326682988], [2.369840583082612, 48.85150372466675], [2.369689866947495, 48.851853363900965], [2.3698542977798644, 48.85188376835926]]], [[[2.37008832422502, 48.85140644023976], [2.370089932318523, 48.85140970976236], [2.3700900134704916, 48.851402996514054], [2.37008832422502, 48.85140644023976]]]], ""type"": ""MultiPolygon""}";48.85164430425998, 2.3698815478479522
CP002940;;75013;14;1;Mission vélo;REAMENAGEMENT_VOIRIE;travaux d'aménagement;rue de l'Amiral Mouchez;au niveau du carrefour Bd Kellermann;2025-11-07;2025-12-12;BARRAGE_TOTAL;la rue de l'amiral Mouchez accès riverain et vélo;1;2;;"{""coordinates"": [[[2.3443054229226123, 48.81976278753415], [2.3442866520057737, 48.819800280547184], [2.344391786360691, 48.81984785151588], [2.3446383087013554, 48.81956589412607], [2.344699666936486, 48.819537362052856], [2.3445281948280097, 48.81951023940223], [2.3443533093418627, 48.81951196614339], [2.3443436707088994, 48.819550852024136], [2.3442454979385805, 48.819596636325585], [2.3442073862803166, 48.81963603697829], [2.3442964257937726, 48.81975065410633], [2.3443054229226123, 48.81976278753415]]], ""type"": ""Polygon""}";48.81964636510817, 2.3444198784227677
CP000139;;75013;14;3;SEMAPA;REAMENAGEMENT_SECTEUR;;Secteur quai d'Ivry;;2012-01-01;2025-12-31;RESTREINTE;Réduction de la circulation selon les phases;2;4;http://xdir-CGPub-prd.ressources.paris.mdp/PdfEtImages/ChantiersPerturbants/Pdf/Plaquette d'info riv opé SEG11 BEC Bruneseau - 13ème.pdf;"{""coordinates"": [[[2.386040410939928, 48.82726045950963], [2.389009733862189, 48.82510049591564], [2.381913601308459, 48.82268480304111], [2.3797250134650096, 48.824789551026136], [2.382560534273686, 48.82574947645586], [2.386040410939928, 48.82726045950963]]], ""type"": ""Polygon""}";48.824945580960076, 2.384284439827768
CP002915;903467;75011;10;1;;REAMENAGEMENT_VOIRIE;Aménagement piétons/vélos;Avenue parmentier;entre la place Léon Blum et la rue Faubourg du temple;2025-03-10;2025-11-28;SENS_UNIQUE;toute la durée du chantier;1;2;;"{""coordinates"": [[[2.3747495287542613, 48.865131594639564], [2.3747631280391297, 48.865119060504746], [2.3761193970494516, 48.8633431146354], [2.377358800992997, 48.86180284858965], [2.3775558113520336, 48.86166423847709], [2.3788246146200174, 48.86038189493109], [2.3801474288398614, 48.85865942982262], [2.380547537987558, 48.85786665586532], [2.380255442448125, 48.8577899553033], [2.3784513744486024, 48.860283287201845], [2.3768526286746545, 48.86192910718643], [2.374457143086473, 48.86507636076912], [2.3747495287542613, 48.865131594639564]]], ""type"": ""Polygon""}";48.86121840722787, 2.3777626743085785
CP002935;;75015;13;2;R.T.E;INSPECTION_ENTRETIEN_RESEAU;;198 -- 206 rue de la Croix Nivert;;2025-11-07;2025-12-12;RESTREINTE;fermeture du sens sortant aux voitures,vélos,poids lourds. Déviation mise en place.;1;2;;"{""coordinates"": [[[2.2890381987082447, 48.838426480398816], [2.2890136456132315, 48.838437075662114], [2.289362372913216, 48.83851970917088], [2.289242977436759, 48.838325653698874], [2.289428244641306, 48.83726872000366], [2.2893632355107165, 48.83726296364352], [2.2892025186648186, 48.83830930103795], [2.2890381987082447, 48.838426480398816]]], ""type"": ""Polygon""}";48.83799505111319, 2.289274262448886
CP002833;;75017;10;3;RAZEL;TRAVAUX_OUVRAGE;;Boulevard Berthier;Depuis la porte d'Asnières a l'avenue de Clichy;2025-03-31;2025-11-24;RESTREINTE;Fermeture de la piste cyclable et piétons .Renvoi des vélos en circulation générale et les piétons sur le trottoir opposé coté pair.;1;2;;"{""coordinates"": [[[[2.3050361269469595, 48.890338924698106], [2.304832262760248, 48.890236583987125], [2.304766253674492, 48.890300645720146], [2.306356314907314, 48.89107247288665], [2.307206049279605, 48.89148017652753], [2.3090185368917764, 48.892374089001216], [2.3104593043713493, 48.89305101573879], [2.312294995100871, 48.89373824747683], [2.3135147080688294, 48.89419904853011], [2.3136052503040734, 48.89412706671102], [2.311299301405611, 48.89327603777879], [2.310525382432195, 48.89298157977431], [2.3050361269469595, 48.890338924698106]], [[2.304868623054299, 48.89025827642901], [2.3050361269469595, 48.890338924698106], [2.3056331809555504, 48.89063864505026], [2.304868623054299, 48.89025827642901]]]], ""type"": ""MultiPolygon""}";48.89233170224288, 2.309185130791831
CP002884;;75010;11;3;SNCF;CREATION_ENTRETIEN_OUVRAGE_ART;;rue de la Fayette du 168 au 178;;2025-07-21;2027-03-30;BARRAGE_TOTAL;"fermeture de la rue sauf BUS.
renvoi de vélos sur la rue de l'Aqueduc.";1;2;;"{""coordinates"": [[[2.3619090613310663, 48.880652744649474], [2.3619342774348246, 48.88058843390482], [2.358825555206695, 48.87978236322253], [2.358792458956887, 48.87982515063557], [2.3619090613310663, 48.880652744649474]]], ""type"": ""Polygon""}";48.88023383674407, 2.3604477837174476
CP002901;;75013;14;3;BOUYGUES;REHABILITATION_IMMEUBLE;;105 quai d'Austerlitz;;2025-09-29;2027-04-01;RESTREINTE;;2;2;;"{""coordinates"": [[[2.36559516853624, 48.84342744354709], [2.3657819780119227, 48.84345528716761], [2.366143699930703, 48.84315107721605], [2.366079393557941, 48.84308628827873], [2.36559516853624, 48.84342744354709]]], ""type"": ""Polygon""}";48.843290055443894, 2.3658842475634936
CP002905;;75015;13;2;RATP;TRAVAUX_OUVRAGE;Ouverture de la circulation et emprise sur trottoir;Avenue Ernest Renan;Du boulevard Victor à l'entré du Périphérique;2025-08-31;2026-02-28;RESTREINTE;Emprise à proximité de la chaussé et chaussée réduite;2;4;;"{""coordinates"": [[[2.2852143193230483, 48.830813244821826], [2.287341953129402, 48.83227604709559], [2.2874405222522, 48.8322068148342], [2.2852756943208203, 48.83078675796947], [2.2852143193230483, 48.830813244821826]]], ""type"": ""Polygon""}";48.831600840119194, 2.286437328873212
CP002645;;75010;11;3;SNCF;CREATION_ENTRETIEN_OUVRAGE_ART;"Création d'un passage piéton souterrain.
gare du nord-gare de l'est.";rue Lafayette et rue de l'Aqueduc;;2024-09-16;2027-02-02;RESTREINTE;"Itinéraire préconisé cyclable sur la rue de l'Aqueduc en BIDI provisoire.
Travaux impactant la circulation générale sens GDN boulevard de Stalingrad.";1;4;;"{""coordinates"": [[[2.3588276949569953, 48.879758300471934], [2.359736827877476, 48.879988726512586], [2.359744903028915, 48.87999414050632], [2.3597490073106195, 48.879991477052315], [2.3597862745284504, 48.87994065637803], [2.3588569856897044, 48.879694011228295], [2.3588276949569953, 48.879758300471934]]], ""type"": ""Polygon""}";48.87984282429404, 2.359292274047231
CP002649;;75012;14;1;Fayolle;REAMENAGEMENT_VOIRIE;;;Place Félix Eboué.;2024-08-01;2025-12-31;RESTREINTE;Plusieurs voies réduites pour la circulation et création de voies cyclables provisoires le temps des travaux. fermeture 3 Nuits du 21/10 et 22/10 et 23/10 de 21h à 6h sauf secours;1;4;;"{""coordinates"": [[[2.395466747299581, 48.84010052209265], [2.3966265139160634, 48.83971969025336], [2.397375254949208, 48.839701981542916], [2.397361093570681, 48.83951930757824], [2.3970034932857303, 48.8394852813882], [2.3967946992897926, 48.839247919781215], [2.397661800578051, 48.83884411943166], [2.397501075133948, 48.83867144831366], [2.3958502085414652, 48.839307601531864], [2.3962517692855934, 48.83976076461167], [2.3960725330410964, 48.83978134197787], [2.395403031195249, 48.83998204567209], [2.395466747299581, 48.84010052209265]]], ""type"": ""Polygon""}";48.839379679853586, 2.39662252961462
CP002807;;75008;9;3;O.G.I.C;REHABILITATION_IMMEUBLE;Création d'une base vie.;Oreille rue de Provence, rue de rome, Bld Haussamnn;;2025-03-24;2026-09-14;;"base vie stationnée entre les balisées pour maintenir une giration bus et pompier.
R + 5 la base vie.";2;2;;"{""coordinates"": [[[2.326057145562662, 48.874104342812146], [2.3260419568159576, 48.87401967082219], [2.326107710656712, 48.87397170690998], [2.325926484779523, 48.87397739919874], [2.325876475252415, 48.874067074010576], [2.325979265972518, 48.874145525746336], [2.326057145562662, 48.874104342812146]]], ""type"": ""Polygon""}";48.87404821223789, 2.3259813854514197
CP002699;;75010;11;3;Eiffage;REHABILITATION_IMMEUBLE;Réduction de la voirie par GBA et K8 pour la gestion des flux VL PL de la base vie au 79 et report d;81 - 83 Boulevard de Strasbourg;en face du terminus pour la gestion des VL PL;2024-11-17;2025-11-14;RESTREINTE;;2;2;;"{""coordinates"": [[[2.357801294574197, 48.8756825415542], [2.357771889654093, 48.87559108509271], [2.3577739664994275, 48.875587739915886], [2.357703615375249, 48.875598103224895], [2.357714329620317, 48.87563709653034], [2.357801294574197, 48.8756825415542]]], ""type"": ""Polygon""}";48.875627858833006, 2.357752906252346
CP002863;;75019;10;2;D.J.S;REHABILITATION_IMMEUBLE;réhabilitation du bain douche Petitot;12 rue des Fêtes;;2025-01-06;2026-01-29;BARRAGE_TOTAL;;1;2;;"{""coordinates"": [[[2.3921660560696516, 48.8763936434663], [2.392414293341034, 48.876576157590634], [2.392422435373046, 48.87657619891501], [2.3926554089871725, 48.87649682442139], [2.392627179444, 48.87647385616693], [2.392549521216933, 48.876500314362396], [2.392492499843984, 48.87650271040584], [2.3922848132317944, 48.87633382841666], [2.3921660560696516, 48.8763936434663]]], ""type"": ""Polygon""}";48.87646337009393, 2.3923728976166165
CP002944;;75015;13;;;REAMENAGEMENT_VOIRIE;aménagement et végétalisation de la rue;rue de Dantzig;entre le bd Lefebvre et la rue des Périchaux_;2025-11-12;2026-02-27;;Neutralisation d'une file de circulation = voie entrante dans Paris entre le bd Lefebvre et la rue des Périchaux (à rejoindre via rue J. Dupré)_;2;2;;"{""coordinates"": [[[2.295713844776425, 48.82995392214566], [2.296331884039942, 48.83087327498557], [2.2964219776103034, 48.83082815352474], [2.295795367364934, 48.82994097537267], [2.295713844776425, 48.82995392214566]]], ""type"": ""Polygon""}";48.83042101173876, 2.296080646014851
CP002512;811445;75015;13;3;TS DIAMOND SCI;REHABILITATION_IMMEUBLE;Réhabilitation de la Tour Cristal;Quai André Citroën;Au niveau du 5 - 11 Quai André Citroën et du 1 - 5 rue de l'ingénieur Keller;2023-06-12;2025-12-31;RESTREINTE;Traversée piétonne obligatoire et provisoire au 1 rue de l'ingénieur Keller et dévié au 13 quai André Citroën car fermé au n°11.;2;2;;"{""coordinates"": [[[2.281629017580763, 48.848167721158354], [2.2809547819492324, 48.848428993424186], [2.280955960900329, 48.84847421247658], [2.2813863093462023, 48.848773055081715], [2.281435374632081, 48.84874479495245], [2.281112215455314, 48.848516793846976], [2.2811186070266922, 48.84844544517538], [2.281649960204181, 48.84821781831717], [2.281629017580763, 48.848167721158354]]], ""type"": ""Polygon""}";48.84843637487578, 2.2812529587641186
CP002700;;75007;12;3;Musée d'Orsay;REHABILITATION_IMMEUBLE;Deux chantiers de réhabilitation de bâtiments publics pour le musée d'Orsay et le conseil d'état.;Quai Voltaire;aux n°29-31;2024-10-01;2026-08-01;RESTREINTE;Réduction du quai Voltaire à une voie de circulation dans le sens Est/Ouest;1;2;;"{""coordinates"": [[[2.3296417394036775, 48.85934551403987], [2.3296896728372563, 48.8594156009651], [2.3301842120362175, 48.859251881289445], [2.3300244401126555, 48.85901736512524], [2.329987574561423, 48.8590359560642], [2.330091444456793, 48.85918691450391], [2.3296376697601486, 48.859345491242436], [2.3296417394036775, 48.85934551403987]]], ""type"": ""Polygon""}";48.85926763703709, 2.329935695831666
CP002756;;75013;14;1;Mission vélo;REAMENAGEMENT_SECTEUR;;Place Nationale.;;2025-01-13;2026-03-06;RESTREINTE;Dépose des bordures pour une Giration optimal et renvoie des vélos dans la circulation générale rue du Château des Rentiers jusqu'à la rue Clisson.;2;4;;"{""coordinates"": [[[2.3653195531326756, 48.829182891520944], [2.3654069385954037, 48.82902088995605], [2.3651556153347357, 48.82895107972939], [2.365053896917337, 48.82912106070628], [2.3653195531326756, 48.829182891520944]]], ""type"": ""Polygon""}";48.829069102306285, 2.365232422484482
CP002805;;75008;9;3;O.G.I.C;REHABILITATION_IMMEUBLE;emprise sur chaussée pour les travaux du bâtiment.;61-59 boulevard Haussmann;;2024-09-14;2026-09-14;RESTREINTE;une voie neutralisée du 63 au 59 boulevard Haussmann.;2;2;;"{""coordinates"": [[[2.3255799606595655, 48.87394872257568], [2.3260804103165564, 48.873890451670796], [2.3260804450601995, 48.873887766438315], [2.326071710713824, 48.87385482301812], [2.325574236929854, 48.87391915241691], [2.3255799606595655, 48.87394872257568]]], ""type"": ""Polygon""}";48.87390229794389, 2.3258347373474058
CP002698;;75010;11;3;Eiffage;REHABILITATION_IMMEUBLE;;81 - 83 boulevard de Strasbourg;Report du terminus RATP.;2024-11-17;2025-11-14;RESTREINTE;;;2;;"{""coordinates"": [[[2.3576288525738427, 48.87571853853108], [2.3576624688576153, 48.87571603350194], [2.3576046034687477, 48.87553916730126], [2.3575719891477216, 48.875543020398716], [2.3575760504195533, 48.875543713997494], [2.3576288525738427, 48.87571853853108]]], ""type"": ""Polygon""}";48.87563107014458, 2.3576185481744227
CP002892;;75005;12;1;SAGP;REAMENAGEMENT_SECTEUR;"Végétalisation et agrandissement du trottoir 
coté paire .";Rue Guy Lussac;à partir du croisement de la rue du Saint Jacque jusqu'à l'angle de la rue Claude Bernard;2025-08-04;2025-11-28;SENS_UNIQUE;Rue mises en sens unique à compté de 25/08/2025 jusqu' au fin de travaux 28/11/2025;1;2;;"{""coordinates"": [[[2.3425710463299794, 48.84307439922253], [2.3426766141646382, 48.84309109141764], [2.34343256570177, 48.84153774745258], [2.3433393408755627, 48.84151038163471], [2.3433270684382435, 48.84151568526991], [2.3425710463299794, 48.84307439922253]]], ""type"": ""Polygon""}";48.842300054626904, 2.34300402784611
CP002943;;75014;12;1;SAGP;REAMENAGEMENT_VOIRIE;;Avenue du Maine - rue du commandant René Mouchotte.;;2025-10-30;2025-10-24;SENS_UNIQUE;fermeture du CF plus de tourne a gauche et droite.;2;2;;"{""coordinates"": [[[2.321675784769798, 48.840287806394635], [2.321715921935137, 48.84032965670343], [2.321807205400836, 48.840348971938724], [2.3219187950451885, 48.84005824370684], [2.3217805928395, 48.84004940458787], [2.3217765072346586, 48.84005072417928], [2.321780557896886, 48.840052089900944], [2.321675784769798, 48.840287806394635]]], ""type"": ""Polygon""}";48.84019395600798, 2.321794576795384
CP002947;;75019;10;3;DGSE 93;REAMENAGEMENT_VOIRIE;;avenue Jean Jaures place Auguste Baron;;2025-12-08;2026-12-15;RESTREINTE;;2;1;;"{""coordinates"": [[[2.3894525175311045, 48.90126136524721], [2.3896536655301195, 48.90147451999827], [2.389805110937839, 48.901410847028416], [2.389591430259004, 48.90122448118655], [2.3896813128579453, 48.90120077204787], [2.389604875573512, 48.90111982759675], [2.389343531229202, 48.90117756935937], [2.3894525175311045, 48.90126136524721]]], ""type"": ""Polygon""}";48.9012847253114, 2.3895846532850067
CP002441;671912;75010;11;3;APHP Lariboisière;CONSTRUCTION_IMMEUBLE;Hôpital Lariboisière;Rue de Maubeuge;Emprise située du n° 111 au n° 119;2022-10-10;2026-06-03;RESTREINTE;"Emprise sur chaussée + trottoir impair
Circulation restante : 2 x 3ml";2;2;;"{""coordinates"": [[[2.3548154074086916, 48.882758481941224], [2.3547448071349977, 48.882778327386305], [2.355374654334728, 48.88392268022739], [2.3554557692244136, 48.883927876177694], [2.3548154074086916, 48.882758481941224]]], ""type"": ""Polygon""}";48.88334292681566, 2.3550956528458444
CP001421;;75016;13;3;Maison de la Radio;REHABILITATION_IMMEUBLE;installation de la base vie;Rue  Boullainvilliers;du n°2 au n°10;2019-07-01;2025-12-31;RESTREINTE;Modification des files de circulation .;2;4;;"{""coordinates"": [[[2.2780879687731894, 48.85165200691028], [2.278005620021255, 48.85160986774178], [2.276937983388899, 48.852153100104196], [2.277031015931084, 48.852204823391524], [2.2772035373126718, 48.85224512825188], [2.2772770162585245, 48.85214682034601], [2.2773646538731667, 48.85206763380218], [2.2774974768795366, 48.85198039195424], [2.277631837054627, 48.851912196037745], [2.2778039222536837, 48.8518537456313], [2.2779865439626774, 48.85181558521849], [2.2779745338979853, 48.851771490754125], [2.2780323708879635, 48.85176113104939], [2.2781821795556927, 48.85174894738235], [2.2780879687731894, 48.85165200691028]]], ""type"": ""Polygon""}";48.851920958050805, 2.277550787213821
CP002770;;75015;13;1;SAGP;REAMENAGEMENT_SECTEUR;Création d'un  contre sens cyclable avec végétalisation.;rue de la Croix Nivert;Depuis la place de Cambronne jusqu'à la rue de Javel.;2025-01-07;2025-12-31;SENS_UNIQUE;Fermeture du sens de circulation depuis la place Cambronne vers rue de Javel, l'interdiction sera définitive après les travaux.;1;2;;"{""coordinates"": [[[2.30107716544652, 48.84767996532617], [2.30125718630457, 48.84760582737718], [2.297951429311868, 48.84533078821131], [2.297791736577201, 48.84510428197808], [2.29836476538674, 48.84484985077138], [2.297646436128524, 48.84501749822138], [2.29642070422552, 48.84419395092224], [2.295362817930295, 48.84299542895726], [2.2949924756104707, 48.84270322963651], [2.2915181612710294, 48.84089962825697], [2.2913692335794273, 48.841081350557815], [2.294215911883107, 48.84236566668603], [2.294845297369228, 48.84275606883295], [2.295889506520134, 48.84376116932343], [2.296886384465611, 48.84465856828866], [2.297643830636183, 48.84521082767744], [2.30107716544652, 48.84767996532617]]], ""type"": ""Polygon""}";48.84409559011973, 2.296293191211883
CP002931;;75019;10;1;Mission vélo;REAMENAGEMENT_VOIRIE;;rue Manin et rue David d'Angers;;2025-10-27;2025-11-14;RESTREINTE;;2;2;;"{""coordinates"": [[[2.388887030024683, 48.883011803152726], [2.38885906781228, 48.88296601151554], [2.388116171437949, 48.88312601589603], [2.3881181607266195, 48.88330325089029], [2.3887599446857597, 48.88343273424009], [2.388683314270014, 48.88337058357718], [2.388159251968004, 48.883271238029785], [2.3882048247678056, 48.88320434070736], [2.3882012593255286, 48.883161358075036], [2.388887030024683, 48.883011803152726]]], ""type"": ""Polygon""}";48.88318302258288, 2.3884371408804905
CP002932;;75014;12;1;musée ville de paris;REHABILITATION_IMMEUBLE;;17-21 rue René Cotty;;2025-11-03;2026-04-30;RESTREINTE;;2;2;;"{""coordinates"": [[[2.334342959199716, 48.829598622125935], [2.3344312472248006, 48.829373542219976], [2.3343947470537048, 48.829365282486684], [2.33431448929833, 48.829598463663544], [2.334342959199716, 48.829598622125935]]], ""type"": ""Polygon""}";48.82947779024149, 2.334373052957334
CP002806;;75008;9;3;O.G.I.C;REHABILITATION_IMMEUBLE;Création d'un passage sous tunnel pour les piétons, cyclistes et bouche de ventilation RATP;59- 61 boulevard Haussmann;emprise et tunnel sur trottoir et chaussée.;2025-03-24;2026-09-14;RESTREINTE;;2;2;;"{""coordinates"": [[[2.325739779704052, 48.87393472624368], [2.3262006351844873, 48.87386884642891], [2.326208811463281, 48.87386620792348], [2.3262108121262854, 48.87386890371367], [2.326169565382859, 48.87375320531565], [2.3256782148561688, 48.87381622780024], [2.325739779704052, 48.87393472624368]]], ""type"": ""Polygon""}";48.87384285325348, 2.3259469835618387
CP002912;915949;75006;12;2;CPCU;ENTRETIEN_RESEAU;emprise sur chaussée réduction circulation reste 1 file de circulation sur 2;quai de Conti;5 quai de Conti;2025-07-15;2025-12-19;RESTREINTE;sur la durée total du chantier;1;2;;"{""coordinates"": [[[2.3397252110051094, 48.856445822686425], [2.339798869271938, 48.85649389298065], [2.339798860759979, 48.85649456474993], [2.3402139675152007, 48.85625182029441], [2.3402205901445905, 48.856210905688975], [2.340125804127647, 48.85622448037748], [2.3400488698831245, 48.85627440545171], [2.340000107729107, 48.85626876647562], [2.3397252110051094, 48.856445822686425]]], ""type"": ""Polygon""}";48.85634925302535, 2.3399671001223075
CP002923;;75019;10;1;SAGP;REAMENAGEMENT_VOIRIE;;avenue Débidour;;2025-09-15;2025-12-05;BARRAGE_TOTAL;;1;2;;"{""coordinates"": [[[2.3966381846483373, 48.881419974872514], [2.396743598694726, 48.88145809884628], [2.396751803692701, 48.88145277030833], [2.3968175017796485, 48.881404766999395], [2.397345633215961, 48.88150409531144], [2.39740343658074, 48.881434569723915], [2.3969405074289685, 48.8813302002293], [2.3969495194391635, 48.881255059185165], [2.3968030835755276, 48.88124358081845], [2.3966381846483373, 48.881419974872514]]], ""type"": ""Polygon""}";48.88138487490067, 2.3969806510859684
CP002937;;75004;11;1;DICOM;EVENEMENTIEL;Site Lobau - Cérémonie du 13 novembre;rue Lobau;;2025-11-02;2025-11-17;BARRAGE_TOTAL;"Fermeture totale de la rue Lobau
Inversion de la rue de l'Hotel de Ville.";1;2;;"{""coordinates"": [[[2.352685465683226, 48.85543598262962], [2.352786927105374, 48.855458014280636], [2.3528476297677967, 48.855485195446974], [2.35298784829599, 48.85566318359607], [2.353166692164667, 48.856007869218274], [2.353445201262909, 48.85651958179762], [2.3536601405696773, 48.85690742609383], [2.353827645032972, 48.856854625095785], [2.353668040511642, 48.856598659542534], [2.3534021354994064, 48.8560547918768], [2.35408805005694, 48.855873211023805], [2.3550557402179826, 48.855940192657336], [2.3550694107645387, 48.85582211223836], [2.3544024048397745, 48.85579166258139], [2.3541453427094448, 48.855519059676304], [2.3539170322305907, 48.855225129457764], [2.353806467774646, 48.85528092360207], [2.3539813462526915, 48.855617531194916], [2.353239339464773, 48.855810466593354], [2.352931478933485, 48.85528693615703], [2.352915603096175, 48.855254627416315], [2.352685465683226, 48.85543598262962]]], ""type"": ""Polygon""}";48.855893990018075, 2.3537127258768105
CP002680;;75015;12;3;R.A.T.P;TRAVAUX_OUVRAGE;Travaux de réfaction et d'agrandissement du réseaux de ventilation RATP.;42 boulevard du Montparnasse.;du 42 au 48 angle rue d'Alençon.;2024-10-07;2026-02-16;RESTREINTE;Fermeture du couloir de BUS RATP et renvoie des BUS dans la circulation générale. Réduction de la largeur du trottoir du 42 au 44.;2;2;;"{""coordinates"": [[[2.320606522927883, 48.84489093261104], [2.321090737865782, 48.84473054679169], [2.3210658001525717, 48.844692810964936], [2.3208093891972212, 48.844777957056245], [2.320811379697762, 48.844781325681645], [2.320788416547717, 48.84474829928414], [2.3205524409300247, 48.84482617706741], [2.320606522927883, 48.84489093261104]]], ""type"": ""Polygon""}";48.8447949508643, 2.3207923341848087
CP002870;;75005;12;2;;ENTRETIEN_RESEAU;;Place ValHubert;Face au Boulevard de L'hôpital;2025-07-30;2025-12-02;RESTREINTE;Réduction de nombre des voies de circulation, déviation des cyclistes ainsi que des piétons;1;2;;"{""coordinates"": [[[2.3646194212469633, 48.84407190553188], [2.364869120672853, 48.84394702064829], [2.3648095706010985, 48.84382586463329], [2.3644662370893825, 48.84395562209623], [2.3645289709779216, 48.84414929889825], [2.364615123634981, 48.84409067933343], [2.3646194212469633, 48.84407190553188]]], ""type"": ""Polygon""}";48.84397185783475, 2.3646557380026203
CP002936;;75014;12;1;STV;REFECTION_CHAUSSEE;Réfection quai bus;avenue Maurice d'Ocagne;n° 1 avenue Maurice d'Ocagne 75014;2025-11-03;2025-11-21;SENS_UNIQUE;Mise en sens unique de l'avenue Maurice d'Ocagne dans le sens Porte de Châtillon vers la rue du général de Maud'Huy_;2;2;;"{""coordinates"": [[[2.3169942779609864, 48.82382206826712], [2.3169600201272216, 48.823798376268684], [2.3166897087212446, 48.82386530904968], [2.316721793633712, 48.82389973091448], [2.3167850459636115, 48.823883308964504], [2.316790357585245, 48.823865884126455], [2.316791374983318, 48.82386588993913], [2.3169942779609864, 48.82382206826712]]], ""type"": ""Polygon""}";48.82384690658231, 2.316831576340699
CP002946;;75014;12;3;RATP;TRAVAUX_OUVRAGE;;24 Boulevard Jourdan;depuis la rue de la Cité Universitaire à la zone du tramway.;2025-12-08;2028-10-31;SENS_UNIQUE;Entrée et sortie de camion depuis le parc Montsouris, gestion des piétons et des cyclistes pendant les phases d'entrées et de sorties des P.L;1;1;;"{""coordinates"": [[[2.3378441177319895, 48.82070925705119], [2.3415140402548267, 48.819923905864385], [2.3415312560204273, 48.81984880965986], [2.3378452089374244, 48.82062333079436], [2.3378441177319895, 48.82070925705119]]], ""type"": ""Polygon""}";48.82028808072118, 2.339628073353198
